Id_Pasajero;Apellido;Nombre;Fecha_de_Nacimiento;DNI;Pasaporte;E-mail
NULL;Conde;Nicole;1987-04-19;33.694.911;NULL;Conde.Nicole@gmail.com
NULL;Lopez;Thiago;1983-04-02;NULL;FJW799821T;Lopez.Thiago@gmail.com
NULL;Farías;Mauro;1999-06-07;34.633.758;NULL;Farías.Mauro@gmail.com
NULL;Lombardo;Maximiliano;2007-07-01;14.210.412;NULL;Lombardo.Maximiliano@gmail.com
NULL;Ocasio;Maria;2013-03-29;NULL;BNE617776L;Ocasio.Maria@gmail.com
NULL;Becerra;Tomas;1944-05-10;29.996.758;NULL;Becerra.Tomas@gmail.com
NULL;Palacios;Manuel;1967-06-29;29.449.209;NULL;Palacios.Manuel@gmail.com
NULL;Corazzina;Federico;1938-04-29;NULL;QXV400045;Corazzina.Federico@gmail.com
NULL;Pacheco;Nicolas;1988-02-24;29.449.209;NULL;Pacheco.Nicolas@gmail.com
NULL;Herrera;Leonardo;2020-08-13;NULL;MKF159047R;Herrera.Leonardo@gmail.com
NULL;Ramirez;Eugenia;2022-06-06;26.771.780;NULL;Ramirez.Eugenia@gmail.com
NULL;Cabello;Alejandra;1941-08-12;NULL;UPL119943P;Cabello.Alejandra@gmail.com
NULL;Cucco;Laura;1968-02-17;26.003.686;NULL;Cucco.Laura@gmail.com
NULL;Morales;Mia;1978-05-13;NULL;HMP718483A;Morales.Mia@gmail.com
NULL;Valenzuela;Diego;1959-12-31;28.348.984;NULL;Valenzuela.Diego@gmail.com
NULL;Oliva;Antonella;1940-05-19;NULL;VLV681813U;Oliva.Antonella@gmail.com
NULL;Peluso;Mateo;1995-12-02;36.539.496;NULL;Peluso.Mateo@gmail.com
NULL;Ruiz;Lourdes;1969-03-25;33.096.111;NULL;Ruiz.Lourdes@gmail.com
NULL;Villada;Gonzalo;1998-04-16;40.483.768;NULL;Villada.Gonzalo@gmail.com
NULL;Navarro;Julian;1971-03-28;34.052.454;NULL;Navarro.Julian@gmail.com
NULL;Esposito;Carlota;2000-12-18;25.425.329;NULL;Esposito.Carlota@gmail.com
NULL;Pella;Milo;1977-04-16;NULL;GLK200926S;Pella.Milo@gmail.com
NULL;Martini;Ariana;1990-05-02;31.130.433;NULL;Martini.Ariana@gmail.com
NULL;Coppola;Baltazar;1981-01-27;38.221.837;NULL;Coppola.Baltazar@gmail.com
NULL;Leone;Liam;1997-03-25;92.154.141;NULL;Leone.Liam@gmail.com
NULL;Santoro;Matias;1956-11-12;18.500.716;NULL;Santoro.Matias@gmail.com
NULL;Ferrari;Gabriel;1960-11-20;14.210.412;NULL;Ferrari.Gabriel@gmail.com
NULL;Bianco;Sebastian;1989-12-14;37.655.363;NULL;Bianco.Sebastian@gmail.com
NULL;Vitale;Vilma;1969-06-03;NULL;HMP718483A;Vitale.Vilma@gmail.com
NULL;De Rosa;Alfredo;1960-06-16;28.087.383;NULL;De Rosa.Alfredo@gmail.com
